Country Name,1990,1991,1992,1993,1994,1995,1996,1997,1998,1999,2000,2001,2002,2003,2004,2005,2006,2007,2008,2009,2010,2011,2012,2013,2014,2015,2016
Aruba,73.468,73.509,73.544,73.573,73.598,73.622,73.646,73.671,73.7,73.738,73.787,73.853,73.937,74.038,74.156,74.287,74.429,74.576,74.725,74.872,75.016,75.158,75.299,75.44,75.582,75.725,75.867
Afghanistan,49.856,50.627,51.331,51.968,52.539,53.055,53.533,53.997,54.468,54.959,55.482,56.044,56.637,57.25,57.875,58.5,59.11,59.694,60.243,60.754,61.226,61.666,62.086,62.494,62.895,63.288,63.673
Angola,41.696,41.855,42.06,42.329,42.677,43.125,43.695,44.385,45.192,46.105,47.113,48.2,49.341,50.508,51.676,52.833,53.974,55.096,56.189,57.231,58.192,59.042,59.77,60.373,60.858,61.241,61.547
Albania,71.836,71.803,71.802,71.86,71.992,72.205,72.495,72.838,73.208,73.588,73.955,74.286,74.575,74.82,75.028,75.217,75.418,75.656,75.943,76.281,76.652,77.031,77.389,77.702,77.963,78.174,78.345
Andorra,,,,,,,,,,,,,,,,,,,,,,,,,,,
Arab World,64.32269947,64.69035852,64.98415113,65.34501954,65.71001963,66.11814122,66.4753491,66.81655355,67.13326799,67.42499113,67.69493973,67.94873216,68.19448345,68.43963559,68.68794455,68.93805806,69.18636508,69.4245522,69.64697028,69.8514339,70.04105435,70.22389424,70.40801569,70.59829816,70.79395747,70.99454147,71.19845637
United Arab Emirates,71.541,71.837,72.122,72.401,72.674,72.943,73.21,73.473,73.732,73.987,74.239,74.487,74.73,74.968,75.2,75.422,75.632,75.828,76.012,76.183,76.344,76.498,76.648,76.798,76.948,77.101,77.256
Argentina,71.565,71.79,72.023,72.256,72.489,72.719,72.947,73.173,73.397,73.618,73.832,74.039,74.236,74.424,74.603,74.775,74.941,75.105,75.268,75.431,75.595,75.761,75.926,76.089,76.252,76.415,76.577
Armenia,67.879,67.87,67.99,68.218,68.538,68.938,69.404,69.912,70.434,70.944,71.409,71.8,72.112,72.347,72.512,72.625,72.715,72.815,72.946,73.119,73.331,73.571,73.814,74.044,74.255,74.445,74.618
American Samoa,,,,,,,,,,,,,,,,,,,,,,,,,,,
Antigua and Barbuda,71.351,71.567,71.783,71.999,72.218,72.44,72.663,72.887,73.108,73.327,73.541,73.752,73.957,74.158,74.354,74.544,74.727,74.905,75.078,75.247,75.412,75.574,75.733,75.892,76.05,76.207,76.364
Australia,76.99463415,77.27560976,77.37804878,77.87804878,77.87804878,77.82926829,78.07804878,78.4804878,78.63170732,78.93170732,79.23414634,79.63414634,79.93658537,80.23902439,80.4902439,80.84146341,81.04146341,81.29268293,81.39512195,81.54390244,81.69512195,81.89512195,82.04634146,82.14878049,82.3,82.4,82.5
Austria,75.56829268,75.61707317,75.81707317,76.06829268,76.4195122,76.66829268,76.87073171,77.3195122,77.67073171,77.87560976,78.12682927,78.57560976,78.67804878,78.63170732,79.1804878,79.33170732,79.8804878,80.1804878,80.43170732,80.33170732,80.5804878,80.98292683,80.93658537,81.13658537,81.4902439,81.1902439,80.8902439
Azerbaijan,64.827,64.745,64.731,64.81,64.991,65.256,65.573,65.899,66.207,66.491,66.763,67.054,67.391,67.791,68.249,68.75,69.269,69.774,70.238,70.646,70.987,71.26,71.478,71.656,71.8,71.921,72.026
Burundi,48.053,47.816,47.752,47.911,48.295,48.86,49.526,50.186,50.758,51.213,51.545,51.779,51.977,52.19,52.437,52.735,53.09,53.492,53.926,54.386,54.861,55.338,55.807,56.259,56.688,57.094,57.481
Belgium,76.05195122,76.19219512,76.35121951,76.34536585,76.69170732,76.84073171,77.18731707,77.37073171,77.47317073,77.6195122,77.72195122,77.97317073,78.07560976,78.12926829,78.87804878,78.9804878,79.3804878,79.78292683,79.6804878,80.03414634,80.18292683,80.58536585,80.38536585,80.58780488,81.28780488,80.99268293,80.99268293
Benin,53.812,54.366,54.776,55.042,55.174,55.203,55.17,55.133,55.139,55.218,55.391,55.668,56.025,56.436,56.887,57.355,57.817,58.255,58.654,59.009,59.319,59.595,59.855,60.113,60.373,60.639,60.907
Burkina Faso,49.454,49.409,49.374,49.36,49.38,49.445,49.557,49.713,49.914,50.168,50.489,50.893,51.384,51.956,52.602,53.31,54.063,54.841,55.618,56.376,57.096,57.762,58.377,58.942,59.457,59.927,60.361
Bangladesh,58.401,59.033,59.7,60.4,61.127,61.868,62.61,63.338,64.038,64.702,65.324,65.903,66.448,66.965,67.46,67.937,68.403,68.861,69.312,69.759,70.198,70.626,71.039,71.431,71.803,72.155,72.489
Bulgaria,71.64146341,71.56097561,71.49439024,71.34682927,71.20878049,71.05341463,70.89731707,70.35121951,71.06097561,71.41219512,71.66341463,71.76829268,71.86585366,72.06585366,72.56341463,72.56097561,72.61219512,72.66341463,72.96341463,73.41219512,73.51219512,74.16341463,74.31463415,74.86097561,74.46585366,74.61463415,74.61463415
Bahrain,72.39,72.598,72.803,73.006,73.209,73.413,73.619,73.826,74.033,74.239,74.44,74.635,74.822,74.999,75.167,75.326,75.478,75.625,75.77,75.913,76.056,76.199,76.341,76.482,76.622,76.761,76.9
"Bahamas, The",70.705,70.869,71.01,71.131,71.239,71.351,71.482,71.646,71.85,72.093,72.37,72.668,72.971,73.264,73.538,73.787,74.012,74.218,74.41,74.591,74.761,74.923,75.079,75.23,75.379,75.527,75.675
Bosnia and Herzegovina,70.877,70.645,70.577,70.724,71.091,71.643,72.306,72.977,73.572,74.057,74.413,74.653,74.824,74.967,75.096,75.223,75.353,75.486,75.619,75.758,75.905,76.06,76.223,76.39,76.561,76.735,76.911
Belarus,70.83658537,70.37804878,70.02195122,68.97073171,68.76829268,68.46097561,68.51219512,68.46097561,68.40731707,67.90731707,68.91219512,68.50731707,68.05609756,68.55365854,68.95609756,68.85121951,69.40487805,70.20731707,70.45609756,70.40731707,70.40487805,70.55365854,71.96585366,72.47073171,72.97073171,73.62439024,73.82682927
Belize,71.246,71.011,70.696,70.325,69.922,69.517,69.143,68.82,68.568,68.4,68.329,68.356,68.46,68.619,68.815,69.023,69.218,69.385,69.517,69.611,69.676,69.731,69.798,69.895,70.027,70.192,70.384
Bermuda,,74.0295122,,,,,,,,,77.88536585,77.88536585,78.08780488,78.33414634,78.48536585,78.68536585,78.88780488,78.93414634,79.23658537,79.38843902,79.28853659,81.15268293,81.67780488,80.57243902,80.79731707,81.01219512,81.22707317
Bolivia,55.104,55.647,56.195,56.747,57.303,57.862,58.423,58.987,59.554,60.122,60.69,61.26,61.829,62.399,62.968,63.538,64.113,64.692,65.272,65.847,66.408,66.945,67.451,67.922,68.357,68.756,69.125
Brazil,65.3,65.708,66.144,66.607,67.095,67.6,68.112,68.622,69.12,69.599,70.055,70.486,70.896,71.29,71.67,72.04,72.405,72.768,73.129,73.488,73.838,74.174,74.488,74.777,75.042,75.284,75.509
Barbados,71.383,71.614,71.841,72.061,72.275,72.481,72.678,72.865,73.043,73.213,73.377,73.535,73.691,73.847,74.004,74.163,74.324,74.486,74.648,74.811,74.973,75.133,75.292,75.448,75.603,75.755,75.906
Brunei Darussalam,72.916,73.167,73.413,73.651,73.883,74.11,74.332,74.551,74.769,74.985,75.202,75.425,75.65,75.875,76.093,76.291,76.455,76.577,76.656,76.699,76.719,76.734,76.764,76.823,76.917,77.046,77.203
Bhutan,52.879,53.637,54.393,55.146,55.898,56.657,57.432,58.231,59.055,59.899,60.758,61.625,62.484,63.322,64.126,64.882,65.578,66.214,66.792,67.315,67.79,68.227,68.639,69.038,69.43,69.817,70.197
Botswana,61.905,61.146,60.083,58.748,57.203,55.53,53.826,52.211,50.808,49.712,49.03,48.838,49.108,49.788,50.832,52.165,53.695,55.312,56.919,58.45,59.868,61.179,62.425,63.63,64.78,65.846,66.797
Central African Republic,48.767,48.35,47.873,47.352,46.807,46.252,45.7,45.166,44.675,44.254,43.937,43.755,43.718,43.827,44.08,44.466,44.967,45.552,46.19,46.862,47.56,48.284,49.041,49.825,50.621,51.41,52.171
Canada,77.37707317,77.55341463,77.32073171,77.68512195,77.86195122,77.97756098,78.2304878,78.4804878,78.66243902,78.88292683,79.23658537,79.48780488,79.5902439,79.83902439,80.14146341,80.29268293,80.29268293,80.54390244,80.69512195,80.94634146,81.19756098,81.44878049,81.5835122,81.77204878,81.95304878,82.12902439,82.3005122
Central Europe and the Baltics,70.65636732,70.57260774,70.73234787,70.84622957,70.86952676,71.02589323,71.33546524,71.51758933,71.89811827,72.18473465,72.71969035,73.09799286,73.24431357,73.38382869,73.73940392,73.84004668,74.09472478,74.25238333,74.57753902,74.9318257,75.29534873,75.88847488,75.9934886,76.35516299,76.68547642,76.59107024,76.60313013
Switzerland,77.24243902,77.51463415,77.80609756,78.08536585,78.35,78.41707317,78.89609756,79.0795122,79.32439024,79.5804878,79.6804878,80.1804878,80.38536585,80.53658537,81.08780488,81.23658537,81.4902439,81.74146341,81.99268293,82.04390244,82.24634146,82.69512195,82.69756098,82.79756098,83.19756098,82.89756098,82.89756098
Channel Islands,75.507,75.726,75.94,76.143,76.338,76.528,76.719,76.918,77.13,77.358,77.602,77.864,78.137,78.417,78.699,78.975,79.241,79.493,79.729,79.947,80.145,80.326,80.494,80.654,80.807,80.958,81.107
Chile,73.68,74.042,74.394,74.733,75.059,75.374,75.678,75.974,76.259,76.533,76.793,77.034,77.255,77.453,77.632,77.791,77.934,78.066,78.193,78.32,78.454,78.599,78.758,78.931,79.117,79.315,79.522
China,69.293,69.437,69.587,69.75,69.935,70.156,70.427,70.747,71.115,71.521,71.955,72.401,72.84,73.257,73.642,73.987,74.291,74.562,74.808,75.032,75.236,75.425,75.602,75.769,75.932,76.092,76.252
Cote d'Ivoire,52.486,52.117,51.605,50.975,50.259,49.501,48.746,48.043,47.438,46.969,46.672,46.567,46.637,46.856,47.205,47.658,48.183,48.747,49.321,49.883,50.423,50.945,51.463,51.989,52.52,53.053,53.582
Cameroon,52.209,51.835,51.39,50.91,50.433,50.015,49.708,49.543,49.538,49.7,50.026,50.495,51.059,51.671,52.301,52.916,53.494,54.033,54.535,54.996,55.424,55.832,56.241,56.665,57.111,57.582,58.073
"Congo, Dem. Rep.",49.043,49.225,49.311,49.302,49.22,49.111,49.04,49.066,49.233,49.557,50.041,50.667,51.385,52.144,52.917,53.675,54.401,55.091,55.743,56.35,56.907,57.418,57.894,58.347,58.782,59.205,59.621
"Congo, Rep.",55.954,55.521,55.008,54.438,53.842,53.247,52.677,52.164,51.748,51.473,51.397,51.577,52.017,52.703,53.608,54.687,55.881,57.115,58.321,59.452,60.473,61.37,62.169,62.89,63.536,64.112,64.625
Colombia,68.292,68.443,68.63,68.857,69.125,69.428,69.756,70.09,70.416,70.727,71.019,71.293,71.556,71.813,72.062,72.303,72.532,72.749,72.952,73.143,73.325,73.5,73.673,73.847,74.022,74.2,74.381
Comoros,56.677,57.168,57.623,58.038,58.407,58.722,58.972,59.16,59.294,59.388,59.46,59.529,59.617,59.738,59.904,60.126,60.407,60.734,61.094,61.475,61.862,62.24,62.596,62.923,63.216,63.473,63.701
Cabo Verde,64.877,65.204,65.543,65.902,66.288,66.72,67.221,67.793,68.421,69.086,69.747,70.358,70.882,71.293,71.584,71.76,71.842,71.869,71.881,71.899,71.941,72.019,72.127,72.259,72.418,72.599,72.798
Costa Rica,75.638,75.83,76.016,76.2,76.385,76.571,76.759,76.942,77.119,77.288,77.448,77.597,77.736,77.868,77.993,78.114,78.234,78.355,78.481,78.613,78.756,78.911,79.077,79.254,79.44,79.634,79.831
Caribbean small states,69.56325551,69.61968645,69.70662604,69.71252155,69.75625958,69.80350215,69.85775325,69.98929645,69.99878716,70.09096878,70.20376854,70.34122065,70.5733907,70.68737639,70.89174012,71.11305695,71.34540591,71.58238536,71.81658119,72.04214711,72.25239203,72.44463184,72.61917985,72.77917989,72.92618028,73.0627324,73.1924085
Cuba,74.644,74.702,74.807,74.963,75.169,75.415,75.683,75.95,76.203,76.437,76.658,76.88,77.119,77.381,77.663,77.95,78.225,78.469,78.672,78.833,78.959,79.064,79.167,79.282,79.415,79.57,79.742
Curacao,,,,,,,,,,,,,,,,,74.7097561,75.36341463,75.3097561,76.15609756,,77.47317073,,,77.82439024,,77.87317073
Cayman Islands,,,,,,,,,,,,,,,,,,,,,82.1902439,,,,,,
Cyprus,76.554,76.711,76.865,77.017,77.166,77.312,77.456,77.598,77.738,77.876,78.01,78.14,78.264,78.386,78.506,78.631,78.764,78.911,79.071,79.245,79.43,79.62,79.81,79.995,80.173,80.344,80.508
Czech Republic,71.38390244,71.89829268,72.27170732,72.76780488,72.97268293,73.07487805,73.71463415,73.82487805,74.51463415,74.66829268,74.96829268,75.17317073,75.22195122,75.17073171,75.72195122,75.92439024,76.52439024,76.72439024,76.97560976,77.07804878,77.42439024,77.87317073,78.07560976,78.17560976,78.82439024,78.57804878,78.33170732
Germany,75.2277561,75.3195122,75.8195122,75.87073171,76.27073171,76.42195122,76.67317073,77.07317073,77.47560976,77.72682927,77.92682927,78.32926829,78.22926829,78.3804878,78.6804878,78.93170732,79.13170732,79.53414634,79.73658537,79.83658537,79.98780488,80.43658537,80.53902439,80.4902439,81.0902439,80.64146341,80.64146341
Djibouti,56.678,56.831,56.943,57.017,57.056,57.065,57.05,57.022,56.998,56.992,57.021,57.1,57.233,57.424,57.677,57.999,58.393,58.848,59.345,59.865,60.383,60.87,61.31,61.691,62.006,62.26,62.465
Dominica,,,73.95121951,,,,,75.95121951,,,,,76.59756098,,,,,,,,,,,,,,
Denmark,74.80536585,75.15780488,75.19414634,75.11682927,75.37512195,75.21268293,75.59146341,75.94512195,76.13902439,76.34146341,76.59268293,76.79268293,76.89512195,77.14390244,77.49268293,77.84390244,78.09512195,78.19512195,78.44634146,78.59756098,79.1,79.8,80.05121951,80.3,80.7,80.70243902,80.70487805
Dominican Republic,67.866,68.335,68.749,69.103,69.397,69.637,69.837,70.017,70.193,70.374,70.568,70.775,70.99,71.207,71.425,71.644,71.862,72.078,72.29,72.498,72.702,72.901,73.098,73.292,73.483,73.673,73.861
Algeria,66.725,66.983,67.226,67.482,67.774,68.115,68.504,68.926,69.367,69.822,70.292,70.778,71.276,71.78,72.281,72.767,73.225,73.648,74.032,74.374,74.676,74.944,75.187,75.418,75.641,75.86,76.078
East Asia & Pacific (excluding high income),68.11513343,68.29103043,68.46303134,68.63804995,68.82476787,69.03476086,69.28036723,69.56206419,69.87980495,70.22634591,70.59431268,70.97170367,71.34297134,71.69669831,72.02580502,72.32532622,72.59507692,72.84129067,73.07029659,73.28364889,73.4823447,73.66913485,73.84581764,74.01349101,74.17624122,74.33497357,74.49253256
Early-demographic dividend,60.60352817,61.0318789,61.46010308,61.88787895,62.3073631,62.71285036,63.10200104,63.47025228,63.82209178,64.16015981,64.48607304,64.80627362,65.12478813,65.44812293,65.78043288,66.12286084,66.47951379,66.84532278,67.21738361,67.59017772,67.95573244,68.30810435,68.64277594,68.95765752,69.24863965,69.51694097,69.76627113
East Asia & Pacific,69.12993581,69.31611765,69.47529731,69.65084524,69.84961221,70.02754299,70.30370648,70.58496454,70.88151617,71.20188422,71.57900953,71.95215419,72.3032307,72.6413388,72.96324265,73.23377621,73.51581268,73.761012,73.98083974,74.207264,74.38391465,74.54606446,74.7411842,74.91907154,75.08600812,75.24891578,75.39573164
Europe & Central Asia (excluding high income),68.24895324,68.00554643,67.36486644,66.50605963,66.26012109,66.31216704,66.80818179,67.41575782,67.75065637,67.6058174,67.66416863,67.8322972,67.85425477,67.98618876,68.31077283,68.44692071,69.06834319,69.57748159,69.87100046,70.47054624,70.77413926,71.34176008,71.66820393,72.06272348,72.26547042,72.53579461,72.81472314
Europe & Central Asia,72.07716791,71.98638564,71.91629789,71.59852393,71.6666366,71.7656137,72.15198515,72.55888831,72.86646395,72.91646445,73.07080052,73.34656944,73.43379373,73.54511417,73.97824347,74.13989425,74.63433903,74.9905085,75.24749348,75.64076906,75.92923265,76.44175737,76.58840496,76.9014526,77.21758382,77.15663422,77.28144604
Ecuador,68.99,69.487,69.956,70.4,70.82,71.217,71.594,71.953,72.297,72.624,72.933,73.22,73.482,73.72,73.937,74.136,74.322,74.501,74.678,74.859,75.046,75.244,75.449,75.661,75.879,76.102,76.327
"Egypt, Arab Rep.",64.58,64.987,65.401,65.84,66.308,66.789,67.259,67.69,68.061,68.368,68.613,68.807,68.972,69.127,69.282,69.444,69.618,69.797,69.98,70.167,70.357,70.55,70.742,70.933,71.12,71.304,71.484
Euro area,75.91145327,76.0250665,76.38008511,76.48673059,76.79501884,76.95568356,77.21821051,77.58135734,77.79693764,78.02099738,78.27489269,78.59711551,78.68446788,78.70718255,79.27870162,79.42628613,79.85613241,80.0998851,80.30291584,80.50518158,80.746781,81.23280317,81.22709794,81.51295289,81.93328885,81.55961007,81.5599298
Eritrea,49.589,50.04,50.545,51.099,51.693,52.311,52.932,53.539,54.126,54.693,55.258,55.847,56.483,57.174,57.916,58.691,59.472,60.23,60.94,61.591,62.181,62.718,63.22,63.703,64.174,64.636,65.092
Spain,76.83756098,76.97121951,77.41,77.54658537,77.90146341,77.98073171,78.1204878,78.60414634,78.66585366,78.71707317,78.96585366,79.36829268,79.56829268,79.6195122,79.87073171,80.17073171,80.82195122,80.87317073,81.17560976,81.47560976,81.62682927,82.47560976,82.42682927,83.07804878,83.22926829,82.83170732,82.83170732
Estonia,69.47560976,69.37317073,68.86341463,67.9097561,66.5,67.54390244,69.61219512,69.8097561,69.35853659,70.06341463,70.41707317,70.25853659,70.90487805,71.31707317,71.9097561,72.56829268,72.69146341,72.81463415,73.77073171,74.82439024,75.42926829,76.22926829,76.32682927,77.14146341,77.03414634,77.5902439,77.73658537
Ethiopia,47.1,47.505,47.912,48.346,48.812,49.305,49.811,50.322,50.836,51.366,51.94,52.593,53.347,54.209,55.172,56.221,57.333,58.466,59.58,60.643,61.625,62.501,63.275,63.952,64.535,65.037,65.475
European Union,74.86880904,74.96895327,75.28801452,75.39470261,75.690696,75.81533121,76.06737661,76.36099023,76.59585241,76.82530951,77.15868523,77.49320173,77.6059246,77.69353391,78.19304573,78.36490114,78.73904259,78.96830053,79.18314331,79.44231191,79.72484897,80.23987465,80.25122211,80.53270225,80.92124105,80.61411878,80.62039806
Fragile and conflict affected situations,54.85381237,55.06533917,55.24046675,55.39246283,55.5318947,55.66917975,55.81216684,55.968408,56.13659226,56.3191173,56.55824415,56.83781804,57.16181796,57.52578999,57.92334607,58.34539122,58.78295015,59.22332043,59.65431131,60.06832409,60.46104161,60.83537658,61.19858033,61.55471865,61.90263235,62.2405421,62.56940239
Finland,74.81317073,75.22756098,75.45536585,75.70512195,76.39560976,76.4095122,76.69341463,76.87853659,77.09073171,77.29121951,77.46585366,77.96585366,78.1195122,78.36829268,78.71463415,78.81707317,79.21463415,79.26341463,79.56829268,79.7195122,79.87073171,80.47073171,80.62682927,80.97560976,81.1804878,81.4804878,81.7804878
Fiji,65.51,65.731,65.948,66.161,66.37,66.575,66.777,66.976,67.172,67.365,67.553,67.734,67.91,68.079,68.243,68.405,68.569,68.737,68.909,69.087,69.267,69.448,69.625,69.796,69.96,70.117,70.269
France,76.6,76.84878049,77.1,77.3,77.64878049,77.75121951,77.95365854,78.30487805,78.60487805,78.75609756,79.05609756,79.15853659,79.26097561,79.11463415,80.16341463,80.16341463,80.81219512,81.11219512,81.21463415,81.41463415,81.66341463,82.11463415,81.96829268,82.2195122,82.67073171,82.27317073,82.27317073
Faroe Islands,76.11463415,76.41463415,76.61463415,76.91463415,77.16585366,77.41707317,77.6195122,77.82195122,78.02682927,78.2804878,78.48536585,78.63902439,78.84146341,78.94146341,79.14146341,79.34146341,79.63902439,79.88780488,80.18780488,80.38780488,80.63658537,80.88780488,81.18780488,81.43902439,81.6902439,81.9902439,82.24146341
"Micronesia, Fed. Sts.",66.212,66.325,66.439,66.552,66.665,66.776,66.884,66.99,67.092,67.195,67.3,67.414,67.539,67.675,67.82,67.969,68.115,68.251,68.375,68.484,68.582,68.673,68.765,68.862,68.966,69.078,69.195
Gabon,61.215,61.23,61.152,61.012,60.832,60.619,60.372,60.095,59.804,59.527,59.302,59.171,59.154,59.266,59.512,59.89,60.388,60.969,61.597,62.247,62.893,63.519,64.119,64.686,65.211,65.685,66.105
United Kingdom,75.8804878,76.08292683,76.43414634,76.38536585,76.88536585,76.83658537,77.08780488,77.21097561,77.1902439,77.3902439,77.74146341,77.99268293,78.14390244,78.44634146,78.74634146,79.04878049,79.24878049,79.44878049,79.6,80.05121951,80.40243902,80.95121951,80.90487805,81.00487805,81.30487805,80.95609756,80.95609756
Georgia,70.268,70.22,70.196,70.222,70.307,70.462,70.687,70.966,71.274,71.596,71.907,72.182,72.408,72.575,72.682,72.73,72.73,72.704,72.673,72.65,72.649,72.68,72.742,72.832,72.951,73.096,73.261
Ghana,56.755,57.16,57.439,57.583,57.598,57.507,57.347,57.171,57.032,56.962,56.994,57.147,57.41,57.761,58.187,58.666,59.167,59.663,60.128,60.55,60.924,61.254,61.561,61.86,62.154,62.448,62.742
Gibraltar,,,,,,,,,,,,,,,,,,,,,,,,,,,
Guinea,49.949,50.557,51.032,51.381,51.61,51.717,51.701,51.592,51.434,51.273,51.181,51.229,51.451,51.859,52.444,53.17,53.972,54.775,55.521,56.185,56.765,57.282,57.782,58.301,58.846,59.419,60.015
"Gambia, The",52.176,52.481,52.786,53.11,53.461,53.844,54.254,54.676,55.097,55.513,55.924,56.329,56.732,57.132,57.527,57.914,58.289,58.648,58.991,59.316,59.622,59.911,60.187,60.452,60.707,60.954,61.193
Guinea-Bissau,49.071,49.441,49.825,50.213,50.599,50.969,51.306,51.604,51.86,52.079,52.27,52.45,52.636,52.845,53.084,53.357,53.663,53.991,54.333,54.687,55.05,55.424,55.807,56.2,56.598,57,57.403
Equatorial Guinea,48.239,48.677,49.142,49.62,50.104,50.588,51.062,51.521,51.959,52.371,52.752,53.099,53.415,53.709,53.987,54.262,54.55,54.858,55.19,55.543,55.908,56.265,56.601,56.905,57.18,57.434,57.681
Greece,76.93902439,77.13658537,77.38292683,77.3902439,77.63902439,77.58536585,77.68536585,78.13658537,77.83902439,77.98780488,77.88780488,78.38780488,78.64146341,78.84146341,79.03902439,79.23902439,79.43902439,79.43902439,79.93902439,80.18780488,80.38780488,80.73170732,80.63414634,81.28536585,81.38536585,81.03658537,81.03658537
Grenada,68.6,68.765,68.925,69.083,69.241,69.402,69.57,69.748,69.934,70.131,70.337,70.551,70.77,70.991,71.213,71.438,71.667,71.903,72.142,72.383,72.618,72.84,73.044,73.227,73.388,73.531,73.659
Greenland,65.06829268,65.03170732,65.19609756,65.58536585,65.90097561,65.64414634,65.76731707,65.79804878,66.15707317,66.40341463,66.96341463,67.60780488,68.16268293,68.43536585,68.80682927,69.22073171,69.51926829,69.98268293,70.21341463,70.46780488,70.85707317,71.06243902,71.29902439,71.8304878,,,
Guatemala,62.261,62.799,63.352,63.921,64.502,65.09,65.678,66.257,66.817,67.351,67.849,68.304,68.717,69.092,69.437,69.763,70.085,70.415,70.76,71.122,71.494,71.867,72.227,72.562,72.869,73.15,73.409
Guam,71.925,72.167,72.42,72.685,72.967,73.267,73.589,73.93,74.283,74.646,75.01,75.369,75.715,76.047,76.362,76.663,76.956,77.249,77.543,77.84,78.134,78.419,78.689,78.938,79.168,79.379,79.575
Guyana,63.29,63.438,63.6,63.77,63.946,64.122,64.297,64.466,64.63,64.785,64.93,65.065,65.192,65.313,65.428,65.538,65.642,65.741,65.836,65.929,66.022,66.117,66.216,66.318,66.425,66.536,66.65
High income,75.29893082,75.47413312,75.72388163,75.81016156,76.09351542,76.16274493,76.53182136,76.86102021,77.04355193,77.18852181,77.46608868,77.76426404,77.90197912,78.02954816,78.4369622,78.53161163,78.82927001,79.0599739,79.20467764,79.47623375,79.65212507,79.88972402,80.00705867,80.18633241,80.44247419,80.33203243,80.37014646
"Hong Kong SAR, China",77.3804878,77.88292683,77.67804878,78.03170732,78.52926829,78.68292683,79.62682927,80.12682927,80.13170732,80.38292683,80.87804878,81.42439024,81.42682927,81.37804878,81.82926829,81.62926829,82.37560976,82.32682927,82.37560976,82.77560976,82.97804878,83.42195122,83.4804878,83.83170732,83.9804878,84.27804878,84.22682927
Honduras,66.725,67.18,67.616,68.047,68.476,68.898,69.301,69.672,70.001,70.288,70.537,70.756,70.957,71.15,71.341,71.532,71.724,71.911,72.093,72.27,72.446,72.624,72.805,72.99,73.181,73.376,73.575
Heavily indebted poor countries (HIPC),49.66327649,49.76094797,49.89242307,50.0638779,50.26672072,50.49639004,50.75502125,51.04797661,51.38118148,51.76209005,52.20119216,52.70974289,53.28937259,53.93436257,54.63329619,55.37054588,56.1291451,56.88855783,57.62981792,58.33812485,59.00159342,59.61458962,60.18332479,60.71321088,61.20479335,61.65997345,62.08175389
Croatia,72.1704878,72.18536585,71.24146341,71.52243902,71.80341463,72.08439024,72.36536585,72.49512195,72.31707317,72.64195122,72.80780488,74.51292683,74.71731707,74.61390244,75.5202439,75.24463415,75.83682927,75.70560976,75.91219512,76.16829268,76.47560976,76.77560976,76.92439024,77.12682927,77.47804878,77.27560976,78.02195122
Haiti,54.609,54.954,55.296,55.639,55.981,56.316,56.635,56.933,57.209,57.467,57.716,57.969,58.239,58.535,58.86,59.219,59.61,60.023,60.448,60.876,61.296,61.699,62.078,62.432,62.757,63.055,63.33
Hungary,69.31560976,69.37707317,69.11707317,69.10121951,69.4697561,69.79170732,70.32878049,70.70243902,70.55780488,70.67707317,71.24634146,72.24878049,72.34878049,72.3,72.64878049,72.64878049,73.09756098,73.15121951,73.70243902,73.90487805,74.20731707,74.85853659,75.06341463,75.56585366,75.76341463,75.56829268,75.56829268
IBRD only,65.43480643,65.68202903,65.88426526,66.07189711,66.32348075,66.61065925,66.95019889,67.30788768,67.64298469,67.93135468,68.24652353,68.57180154,68.87538592,69.17884517,69.4950559,69.78346475,70.1111441,70.42183208,70.71103657,71.02264291,71.30433648,71.60005516,71.85945469,72.11388148,72.34133492,72.55575242,72.76270933
IDA & IBRD total,63.15342418,63.36917755,63.54067208,63.70586268,63.92473161,64.17587821,64.47279643,64.79178069,65.08829081,65.35747556,65.65745665,65.97033582,66.27546602,66.59095499,66.92552163,67.2458739,67.60175262,67.94661757,68.27372527,68.61407294,68.92426701,69.23738135,69.51606335,69.7846748,70.02673603,70.25307541,70.46864944
IDA total,53.76821802,53.93830751,54.11599208,54.30204568,54.50287515,54.72392229,54.96753507,55.22981645,55.50793837,55.81570176,56.15757257,56.54308719,56.9738258,57.45004786,57.96569683,58.51043022,59.07425486,59.64413954,60.20401591,60.741829,61.2473614,61.71612151,62.15095623,62.55714351,62.93619516,63.28970182,63.62071912
IDA blend,55.1753611,55.16379787,55.13939934,55.09474181,55.05225826,55.01940308,55.00640871,55.02302248,55.06302108,55.14634668,55.28831167,55.49679697,55.77615612,56.11033134,56.50531585,56.94884784,57.4321447,57.93924431,58.45229232,58.95741046,59.44707019,59.90258032,60.31664642,60.69952566,61.05037178,61.37007175,61.66244827
Indonesia,63.281,63.638,63.998,64.353,64.701,65.032,65.339,65.617,65.866,66.087,66.285,66.467,66.643,66.82,67.002,67.191,67.386,67.581,67.775,67.964,68.15,68.331,68.509,68.684,68.856,69.025,69.191
IDA only,53.05651519,53.31899914,53.59942945,53.90277706,54.226747,54.57571694,54.94806899,55.33324656,55.73014702,56.14943559,56.5901723,57.06263652,57.56719915,58.11205245,58.68576909,59.2791027,59.88159353,60.48178852,61.06453132,61.61860723,62.1330488,62.60963441,63.05552471,63.47414213,63.86805549,64.23904036,64.58966602
Isle of Man,,,,,76.52926829,,,,,,,,77.96585366,,,,,,,,,,,,,,
India,57.915,58.409,58.915,59.421,59.921,60.408,60.877,61.327,61.761,62.179,62.582,62.977,63.368,63.759,64.154,64.556,64.966,65.383,65.802,66.219,66.625,67.013,67.377,67.714,68.021,68.302,68.56
Not classified,,,,,,,,,,,,,,,,,,,,,,,,,,,
Ireland,74.80909756,75.00526829,75.18095122,75.33612195,75.47680488,75.61756098,75.83170732,75.98536585,76.1804878,76.08292683,76.53658537,77.13414634,77.63414634,78.13902439,78.53902439,78.94390244,79.24146341,79.64146341,80.09512195,80.1902439,80.74390244,80.74634146,80.84634146,81,81.34878049,81.45365854,81.60731707
"Iran, Islamic Rep.",63.828,65.131,66.209,67.094,67.791,68.326,68.741,69.092,69.428,69.775,70.144,70.526,70.899,71.249,71.582,71.912,72.259,72.635,73.044,73.481,73.932,74.375,74.787,75.153,75.466,75.73,75.953
Iraq,66.118,66.735,67.256,67.722,68.134,68.489,68.776,68.987,69.122,69.183,69.169,69.081,68.932,68.742,68.537,68.35,68.217,68.156,68.177,68.283,68.465,68.702,68.963,69.219,69.458,69.672,69.862
Iceland,78.03634146,77.99195122,78.7602439,78.93463415,79.24707317,77.98439024,78.77780488,78.88536585,79.60243902,79.35121951,79.65365854,80.6902439,80.50243902,80.96341463,80.99756098,81.50243902,81.15853659,81.45365854,81.6097561,81.75121951,81.89756098,82.35853659,82.91707317,82.06097561,82.86097561,82.46829268,82.46829268
Israel,76.60731707,76.75853659,76.50487805,77.15365854,77.40243902,77.45121951,78.10487805,78,78.14878049,78.65853659,78.95365854,79.40731707,79.45121951,79.64878049,80.14634146,80.15121951,80.55365854,80.50487805,80.95121951,81.40487805,81.60243902,81.65609756,81.70487805,82.05609756,82.15365854,82.05121951,82.40731707
Italy,76.97073171,77.0195122,77.4195122,77.72195122,77.92195122,78.17073171,78.52195122,78.82439024,78.97560976,79.42439024,79.77804878,80.12682927,80.22926829,79.98292683,80.7804878,80.78292683,81.28292683,81.43414634,81.48536585,81.63658537,82.03658537,82.18780488,82.23902439,82.6902439,83.0902439,82.54390244,82.54390244
Jamaica,72.065,72.039,72.015,71.996,71.986,71.99,72.011,72.052,72.116,72.205,72.327,72.487,72.683,72.911,73.167,73.446,73.739,74.038,74.334,74.619,74.883,75.122,75.334,75.523,75.689,75.836,75.97
Jordan,69.872,70.113,70.331,70.529,70.712,70.885,71.053,71.219,71.386,71.556,71.73,71.907,72.083,72.256,72.427,72.594,72.76,72.924,73.087,73.25,73.412,73.571,73.729,73.883,74.034,74.182,74.329
Japan,78.83682927,79.10073171,79.15390244,79.29365854,79.68707317,79.53634146,80.2002439,80.42414634,80.50146341,80.57073171,81.07609756,81.41707317,81.56341463,81.76,82.0302439,81.92512195,82.32195122,82.50707317,82.58756098,82.93146341,82.84268293,82.59121951,83.09609756,83.33195122,83.58780488,83.79390244,83.98487805
Kazakhstan,68.33658537,67.98292683,67.73170732,66.72682927,65.67317073,64.9195122,64.1097561,64.46341463,64.56097561,65.5195122,65.51707317,65.76829268,65.96829268,65.86585366,65.88780488,65.9097561,66.16097561,66.50487805,67.02195122,68.42926829,68.29536585,68.98,69.61,70.45,71.62,72,72.3
Kenya,57.536,56.918,56.212,55.449,54.669,53.911,53.205,52.589,52.106,51.805,51.751,52.004,52.565,53.413,54.513,55.819,57.271,58.784,60.275,61.68,62.936,64.008,64.907,65.651,66.242,66.695,67.032
Kyrgyz Republic,68.29756098,68.55121951,68.10243902,67.19268293,66.03902439,65.7902439,66.54390244,66.89268293,67.05121951,68.65609756,68.55853659,68.70731707,68.15609756,68.25609756,68.15365854,67.95609756,67.69512195,67.89512195,68.45121951,69.10243902,69.3,69.60243902,70.00243902,70.20243902,70.40243902,70.65121951,70.95121951
Cambodia,53.595,53.916,54.228,54.514,54.82,55.189,55.653,56.212,56.862,57.604,58.432,59.335,60.283,61.241,62.186,63.088,63.927,64.695,65.391,66.01,66.555,67.034,67.466,67.868,68.251,68.62,68.981
Kiribati,60.371,60.854,61.318,61.755,62.158,62.526,62.862,63.174,63.469,63.745,64.001,64.231,64.43,64.599,64.74,64.859,64.961,65.054,65.146,65.244,65.354,65.481,65.623,65.78,65.949,66.13,66.317
St. Kitts and Nevis,,,67.95121951,,,,,70.03634146,,,,,71.33658537,,,,,,,,,,,,,,
"Korea, Rep.",71.59756098,72.04634146,72.49756098,72.99756098,73.39756098,73.7,74.15121951,74.60243902,75.00487805,75.4097561,75.9097561,76.41219512,76.76585366,77.21463415,77.66585366,78.16829268,78.66829268,79.1195122,79.51707317,79.96829268,80.11707317,80.56829268,80.8195122,81.27073171,81.72195122,82.02439024,82.02439024
Kuwait,72.079,72.232,72.369,72.496,72.613,72.722,72.824,72.917,73.004,73.084,73.16,73.232,73.3,73.367,73.434,73.505,73.584,73.67,73.764,73.868,73.979,74.096,74.217,74.338,74.458,74.577,74.694
Latin America & Caribbean (excluding high income),67.12720154,67.50302741,67.89324969,68.29423044,68.70689122,69.12502714,69.54257866,69.95340304,70.34872034,70.72674057,71.08406765,71.41975343,71.73769421,72.03962478,72.32962822,72.60969422,72.88220314,73.14901957,73.41086573,73.66923397,73.92241471,74.1701152,74.40973245,74.64039484,74.8628564,75.07764241,75.28667364
Lao PDR,53.589,54.09,54.594,55.106,55.628,56.158,56.698,57.246,57.801,58.359,58.923,59.494,60.07,60.648,61.224,61.793,62.348,62.886,63.402,63.893,64.357,64.795,65.208,65.6,65.975,66.335,66.683
Lebanon,70.222,70.537,70.878,71.248,71.646,72.071,72.522,72.991,73.473,73.959,74.447,74.934,75.418,75.892,76.351,76.786,77.187,77.553,77.881,78.173,78.43,78.656,78.86,79.05,79.231,79.409,79.584
Liberia,47.183,47.406,47.839,48.475,49.283,50.163,50.984,51.641,52.082,52.314,52.423,52.543,52.814,53.323,54.084,55.052,56.136,57.207,58.167,58.977,59.631,60.155,60.615,61.066,61.527,62.007,62.505
Libya,68.522,68.864,69.172,69.439,69.664,69.85,70,70.127,70.241,70.352,70.473,70.616,70.783,70.97,71.17,71.362,71.521,71.629,71.681,71.679,71.643,71.598,71.574,71.592,71.659,71.776,71.934
St. Lucia,71.108,71.187,71.235,71.248,71.235,71.209,71.186,71.184,71.221,71.307,71.456,71.676,71.958,72.287,72.652,73.028,73.393,73.728,74.02,74.265,74.465,74.633,74.788,74.947,75.117,75.3,75.496
Latin America & Caribbean,67.78619141,68.14063907,68.50820531,68.88598667,69.27438338,69.66797879,70.0615833,70.44945947,70.82391057,71.18293268,71.52983148,71.85017086,72.15562113,72.44327869,72.71782303,72.98253734,73.24038745,73.49142208,73.73473199,73.98045754,74.22200287,74.45905564,74.68841917,74.91105226,75.12719402,75.33548436,75.54005062
Least developed countries: UN classification,51.7209722,51.99311007,52.30035106,52.64582267,53.02266916,53.42446677,53.8482384,54.29148543,54.75195723,55.23003045,55.72941304,56.25710213,56.81776281,57.41028774,58.02919321,58.66648649,59.31391369,59.95961927,60.59195705,61.20192894,61.77919814,62.31687056,62.81598745,63.27765038,63.70171696,64.08958665,64.44519781
Low income,51.08463424,51.20153914,51.3365266,51.49692625,51.67740057,51.88014412,52.11617862,52.39674529,52.72966611,53.1204937,53.5737272,54.09220406,54.67038092,55.2997826,55.97061071,56.66934431,57.38254081,58.09364421,58.78452958,59.43990124,60.05002598,60.61280243,61.13701181,61.6298427,62.09304317,62.52786541,62.93547351
Liechtenstein,,,,,78.42195122,77.3902439,76.83658537,76.04634146,77.74634146,79.1097561,76.82682927,79.27560976,79.63658537,79.96097561,81.77073171,80.66829268,80.94878049,81.29512195,82.68292683,81.5,81.84146341,81.79268293,82.38292683,82.26097561,82.07317073,82.65609756,82.65609756
Sri Lanka,69.511,69.628,69.66,69.593,69.452,69.31,69.267,69.399,69.744,70.296,71.002,71.775,72.511,73.128,73.593,73.896,74.059,74.144,74.207,74.27,74.352,74.462,74.593,74.741,74.906,75.088,75.284
Lower middle income,59.40874578,59.7256442,60.08222917,60.41331394,60.73792172,61.05700973,61.38278705,61.71577637,62.04842852,62.36693815,62.6708877,62.9961993,63.31776383,63.64871557,63.98977445,64.33645362,64.69842174,65.06688441,65.43379077,65.81241656,66.18079432,66.52262186,66.8371695,67.13139696,67.39960514,67.6473864,67.8822079
Low & middle income,63.02498118,63.24568544,63.41262307,63.57033336,63.7849441,64.03102706,64.32335319,64.63913054,64.93469186,65.20666496,65.50778778,65.8227193,66.13249968,66.45400987,66.79199433,67.11646985,67.47560283,67.82433317,68.15363349,68.49758643,68.80871894,69.12368023,69.40627913,69.67719117,69.91867498,70.14911818,70.36682416
Lesotho,59.206,59.464,59.394,58.944,58.112,56.902,55.351,53.584,51.75,49.971,48.405,47.195,46.394,46.021,46.078,46.521,47.266,48.171,49.112,50.014,50.826,51.53,52.158,52.738,53.268,53.745,54.174
Late-demographic dividend,69.04034059,69.16243926,69.18615977,69.19290826,69.32150252,69.54188646,69.87261748,70.22933357,70.5751577,70.86248739,71.21716374,71.59944886,71.95764688,72.31114595,72.6793322,72.98831088,73.34813065,73.66244197,73.93034904,74.21741074,74.44300566,74.71366641,74.92670453,75.14826908,75.34297995,75.52966717,75.71565922
Lithuania,71.16073171,70.36414634,70.23439024,68.9104878,68.5302439,69.00634146,70.10804878,70.90902439,71.2195122,71.57073171,72.0195122,71.65853659,71.76097561,72.06097561,71.96097561,71.25365854,71.05609756,70.9,71.81219512,72.91463415,73.26829268,73.56341463,73.86341463,73.91463415,74.51707317,74.32195122,74.32195122
Luxembourg,75.01041463,75.46341463,75.77073171,75.71219512,76.37073171,76.51219512,76.5195122,76.8804878,77.01707317,77.77073171,77.87317073,77.82439024,77.96585366,77.72682927,79.12195122,79.43170732,79.28780488,79.38292683,80.53902439,80.63658537,80.63170732,80.98780488,81.39268293,81.8,82.22926829,82.29268293,82.29268293
Latvia,69.27317073,69.03243902,68.39609756,66.72268293,65.66439024,66.39121951,68.77658537,69.34926829,69.01219512,69.74292683,70.31463415,70.76097561,70.96097561,71.26585366,72.02682927,71.35609756,70.86585366,71.0195122,72.4195122,73.0804878,73.48292683,73.57560976,73.77804878,73.98292683,74.12439024,74.4804878,74.52926829
"Macao SAR, China",77.296,77.607,77.926,78.253,78.588,78.925,79.256,79.573,79.872,80.15,80.407,80.645,80.87,81.089,81.304,81.523,81.748,81.981,82.22,82.462,82.704,82.937,83.155,83.355,83.536,83.7,83.849
St. Martin (French part),74.52195122,75.92439024,75.42439024,75.57317073,75.82195122,75.97073171,76.17073171,76.37073171,76.57073171,76.77073171,76.97073171,77.17073171,77.37073171,77.57073171,77.72195122,77.87073171,78.07073171,78.22195122,78.37073171,78.57073171,78.72195122,78.87073171,79.02195122,79.17073171,79.32195122,79.47073171,79.62195122
Morocco,64.733,65.253,65.716,66.129,66.502,66.848,67.184,67.526,67.889,68.284,68.722,69.209,69.738,70.296,70.873,71.456,72.029,72.58,73.097,73.572,73.999,74.377,74.717,75.026,75.309,75.573,75.821
Monaco,,,,,,,,,,,,,,,,,,,,,,,,,,,
Moldova,67.643,67.563,67.408,67.221,67.03,66.867,66.761,66.722,66.752,66.852,67.006,67.185,67.362,67.521,67.665,67.82,68.022,68.302,68.671,69.119,69.616,70.117,70.577,70.961,71.258,71.468,71.61
Madagascar,51.003,51.595,52.278,53.022,53.808,54.616,55.43,56.239,57.028,57.782,58.485,59.129,59.717,60.256,60.752,61.212,61.65,62.079,62.509,62.944,63.388,63.836,64.28,64.713,65.133,65.539,65.932
Maldives,61.399,62.237,63.077,63.911,64.739,65.568,66.408,67.267,68.144,69.035,69.936,70.842,71.737,72.603,73.418,74.151,74.771,75.269,75.648,75.92,76.112,76.259,76.401,76.571,76.783,77.042,77.339
Middle East & North Africa,65.75480498,66.35781187,66.83791184,67.32713987,67.76348258,68.18365875,68.55506568,68.88593351,69.19943394,69.50463316,69.79555321,70.07930757,70.34422242,70.60351185,70.86495732,71.11193834,71.36338663,71.59897162,71.83395358,72.0600866,72.27176961,72.47396937,72.67549264,72.88490235,73.08773719,73.28575815,73.4917998
Mexico,70.836,71.235,71.633,72.029,72.418,72.796,73.158,73.498,73.814,74.103,74.364,74.598,74.809,75.002,75.18,75.347,75.505,75.656,75.802,75.948,76.096,76.251,76.412,76.579,76.753,76.933,77.118
Marshall Islands,,,,,,,,,,67.50487805,65.23902439,,,,,,,,,,,,,,,,
Middle income,64.10675056,64.34694647,64.53267482,64.70484076,64.93765097,65.20275838,65.51522273,65.84688054,66.15573174,66.43140621,66.73152738,67.0428844,67.34251749,67.64952058,67.96985381,68.27144424,68.60920817,68.93487136,69.2400306,69.56426251,69.85579756,70.15600174,70.42353639,70.68094329,70.90840913,71.12668337,71.33372504
"Macedonia, FYR",71.152,71.331,71.502,71.68,71.871,72.08,72.309,72.55,72.795,73.038,73.267,73.47,73.642,73.782,73.893,73.986,74.077,74.18,74.305,74.457,74.632,74.824,75.019,75.207,75.384,75.549,75.703
Mali,45.746,46.076,46.305,46.445,46.52,46.573,46.658,46.823,47.103,47.515,48.069,48.758,49.54,50.373,51.224,52.057,52.839,53.553,54.193,54.756,55.249,55.694,56.122,56.556,57.007,57.478,57.966
Malta,75.93568293,76.14468293,76.35165854,76.55614634,76.75812195,77.14146341,77.14146341,77.5902439,77.38780488,77.3,78.2,78.84390244,78.73902439,78.54634146,79.25365854,79.3,79.43902439,79.79268293,79.63658537,80.24146341,81.39756098,80.74634146,80.74634146,81.74634146,81.94634146,81.79756098,81.79756098
Myanmar,58.743,59.099,59.448,59.791,60.128,60.463,60.796,61.131,61.467,61.802,62.133,62.452,62.757,63.046,63.323,63.597,63.88,64.181,64.501,64.838,65.178,65.506,65.805,66.066,66.285,66.464,66.612
Middle East & North Africa (excluding high income),65.13281575,65.75993971,66.3106009,66.80429961,67.24922081,67.65276777,68.02112383,68.36049483,68.67699193,68.9767907,69.26552444,69.54642906,69.81984648,70.08612253,70.3479018,70.60505424,70.85680653,71.09885257,71.32866925,71.54629211,71.754805,71.95932788,72.1641462,72.37149736,72.57882985,72.78573636,72.99192022
Montenegro,74.627,74.669,74.634,74.52,74.334,74.1,73.846,73.608,73.417,73.288,73.228,73.23,73.277,73.355,73.465,73.62,73.834,74.116,74.462,74.858,75.28,75.7,76.089,76.43,76.712,76.938,77.116
Mongolia,60.268,60.486,60.67,60.841,61.015,61.211,61.447,61.73,62.063,62.446,62.869,63.319,63.777,64.23,64.671,65.104,65.539,65.987,66.449,66.92,67.383,67.82,68.215,68.558,68.847,69.087,69.287
Northern Mariana Islands,,,,,,,,,,,,,,,,,,,,,,,,,,,
Mozambique,42.915,43.293,43.745,44.272,44.862,45.491,46.124,46.736,47.309,47.841,48.348,48.859,49.406,50.007,50.663,51.362,52.079,52.785,53.459,54.096,54.7,55.288,55.878,56.483,57.099,57.714,58.311
Mauritania,58.415,58.633,58.839,59.039,59.233,59.419,59.587,59.733,59.855,59.957,60.049,60.143,60.25,60.381,60.539,60.729,60.952,61.199,61.461,61.73,61.997,62.253,62.492,62.711,62.907,63.082,63.238
Mauritius,69.40487805,69.95609756,70.05853659,70.10731707,70.15853659,70.32585366,70.32292683,70.40487805,70.60731707,70.96097561,71.66341463,71.76585366,71.96585366,72.12130081,72.27674797,72.43219512,72.43219512,72.57073171,72.57073171,72.88243902,72.96731707,73.26682927,73.86341463,74.01707317,74.19439024,74.35317073,74.39487805
Malawi,46.576,46.627,46.65,46.647,46.627,46.585,46.516,46.434,46.369,46.355,46.45,46.71,47.169,47.843,48.735,49.846,51.163,52.63,54.177,55.745,57.263,58.667,59.927,61.02,61.932,62.661,63.223
Malaysia,70.727,70.955,71.177,71.394,71.605,71.813,72.019,72.222,72.422,72.616,72.8,72.966,73.113,73.242,73.356,73.463,73.577,73.704,73.852,74.022,74.21,74.408,74.606,74.797,74.976,75.143,75.3
North America,75.43126468,75.58472222,75.78753608,75.64574496,75.84289757,75.85584528,76.24546582,76.63251134,76.78621881,76.80954808,76.89243196,77.09747435,77.1976618,77.31265491,77.74935242,77.76444426,77.94434805,78.23954091,78.30097125,78.64290788,78.80461908,78.92053509,79.02515197,79.04492252,79.15397465,79.03588312,79.05465211
Namibia,61.539,61.614,61.518,61.247,60.806,60.192,59.407,58.495,57.517,56.533,55.608,54.798,54.145,53.693,53.48,53.563,53.983,54.712,55.697,56.883,58.189,59.527,60.815,61.982,62.981,63.782,64.388
New Caledonia,70.48536585,70.35853659,71.61463415,71.65609756,70.67317073,72.0097561,71.99756098,71.73902439,74.37560976,73.87560976,75.16341463,74.83170732,75.10243902,75.27073171,75.47073171,75.72195122,76.07560976,76.47804878,76.6804878,76.9804878,77.25912213,76.64683538,77.06907036,77.17621087,77.2528726,77.24430351,76.96150074
Niger,43.54,44.108,44.711,45.343,45.996,46.659,47.323,47.979,48.622,49.253,49.874,50.494,51.123,51.77,52.436,53.127,53.849,54.593,55.35,56.105,56.838,57.528,58.16,58.727,59.228,59.667,60.058
Nigeria,45.898,45.873,45.855,45.843,45.841,45.852,45.877,45.921,45.992,46.101,46.266,46.509,46.834,47.24,47.717,48.246,48.802,49.356,49.887,50.385,50.847,51.279,51.699,52.121,52.549,52.985,53.428
Nicaragua,64.169,64.927,65.642,66.297,66.886,67.411,67.891,68.349,68.808,69.272,69.742,70.214,70.675,71.117,71.537,71.935,72.313,72.677,73.028,73.369,73.699,74.016,74.319,74.608,74.884,75.149,75.404
Netherlands,76.87804878,77,77.21707317,76.91658537,77.37512195,77.40463415,77.43560976,77.79439024,77.88292683,77.83658537,77.98780488,78.1902439,78.29268293,78.49268293,79.09512195,79.34634146,79.69756098,80.09756098,80.25121951,80.54878049,80.70243902,81.20487805,81.10487805,81.30487805,81.70731707,81.5097561,81.5097561
Norway,76.53731707,76.98073171,77.18439024,77.15170732,77.6897561,77.73658537,78.1504878,78.14268293,78.32926829,78.28292683,78.63414634,78.78536585,78.98780488,79.3902439,79.84146341,80.04146341,80.34390244,80.39512195,80.59268293,80.79512195,80.99756098,81.29512195,81.45121951,81.75121951,82.1,82.30487805,82.5097561
Nepal,54.26,55.125,55.992,56.852,57.699,58.529,59.341,60.134,60.909,61.661,62.386,63.082,63.745,64.376,64.973,65.537,66.066,66.565,67.036,67.484,67.914,68.329,68.732,69.126,69.511,69.887,70.253
Nauru,,,,,,,,,,,,,,,,,,,,,,,,,,,
New Zealand,75.37804878,76.03170732,76.12439024,76.43414634,76.88292683,76.73414634,76.78780488,77.33414634,78.08536585,77.8902439,78.63658537,78.69268293,78.84634146,79.14634146,79.54878049,79.85121951,80.04878049,80.15121951,80.35121951,80.70243902,80.70243902,80.90487805,81.15609756,81.40731707,81.40487805,81.45682927,81.61243902
OECD members,74.69642456,74.89170018,75.16908863,75.29124191,75.5967622,75.70426438,76.08067753,76.42080231,76.62840994,76.79859287,77.08122133,77.38656638,77.54059357,77.68969483,78.10096681,78.22383908,78.52106189,78.75919963,78.91501989,79.18115559,79.360972,79.60328929,79.72426414,79.90083776,80.16402051,80.06707019,80.12389445
Oman,67.181,67.74,68.274,68.787,69.284,69.771,70.251,70.726,71.198,71.664,72.126,72.58,73.022,73.447,73.851,74.231,74.58,74.898,75.188,75.451,75.694,75.922,76.141,76.358,76.578,76.801,77.029
Other small states,62.40290354,62.52231939,62.48833918,62.31256894,62.04647933,61.88827527,61.74117154,61.42956173,61.08052177,60.8550799,60.72650649,60.64333569,60.70390543,60.89517041,61.25295458,61.73321744,62.27988576,62.92000979,63.60937429,64.31274922,64.94919075,65.52609662,66.07808669,66.54816716,66.96943236,67.36391256,67.69503128
Pakistan,60.05,60.338,60.621,60.898,61.169,61.436,61.7,61.961,62.22,62.476,62.727,62.967,63.196,63.414,63.625,63.836,64.06,64.303,64.565,64.845,65.134,65.419,65.686,65.927,66.139,66.322,66.481
Panama,72.987,73.218,73.443,73.663,73.879,74.09,74.298,74.501,74.7,74.895,75.084,75.267,75.443,75.614,75.782,75.947,76.114,76.285,76.46,76.641,76.828,77.021,77.216,77.413,77.61,77.806,78.001
Peru,65.541,66.034,66.528,67.024,67.523,68.026,68.533,69.041,69.544,70.036,70.512,70.964,71.389,71.784,72.146,72.473,72.764,73.023,73.258,73.475,73.681,73.883,74.088,74.298,74.518,74.747,74.983
Philippines,65.256,65.461,65.657,65.856,66.059,66.265,66.471,66.668,66.851,67.019,67.17,67.308,67.434,67.555,67.67,67.783,67.892,68,68.105,68.211,68.32,68.433,68.553,68.68,68.813,68.951,69.094
Palau,69.06926829,,,,,71.84463415,,,,,70.49365854,,,,,69.12926829,,,,,,,,,,,
Papua New Guinea,58.865,59.182,59.508,59.824,60.128,60.418,60.698,60.975,61.254,61.538,61.832,62.139,62.458,62.784,63.113,63.433,63.733,64.006,64.247,64.455,64.634,64.791,64.937,65.082,65.23,65.384,65.544
Poland,70.8902439,70.58780488,71.0902439,71.59512195,71.69512195,71.89268293,72.24634146,72.64634146,72.99756098,73.04390244,73.74878049,74.2,74.49756098,74.59756098,74.84634146,74.99512195,75.14390244,75.24390244,75.54390244,75.69512195,76.24634146,76.69512195,76.74634146,77,77.60243902,77.45121951,77.45121951
Pre-demographic dividend,49.37986995,49.43500477,49.48134108,49.52870266,49.58588861,49.6638512,49.77326259,49.92375724,50.12521918,50.38800301,50.72619681,51.1518625,51.6598242,52.23898863,52.8758061,53.55334438,54.25412331,54.95863186,55.64972315,56.31424917,56.94126383,57.526315,58.07524658,58.59298474,59.07923586,59.53466941,59.96143906
Puerto Rico,74.16917073,74.03880488,73.94636585,73.92087805,73.97690244,74.12507317,74.3624878,74.66663415,75.01141463,75.38117073,76.68926829,77.06682927,77.7604878,78.07121951,78.17585366,78.29609756,78.41634146,78.42585366,77.9034878,78.14980488,78.40817073,78.67119512,78.92641463,79.16739024,79.39012195,79.59612195,79.78831707
"Korea, Dem. People’s Rep.",69.896,69.879,69.492,68.742,67.698,66.537,65.495,64.772,64.493,64.684,65.268,66.087,66.925,67.615,68.102,68.389,68.54,68.676,68.886,69.187,69.572,70.011,70.448,70.842,71.179,71.457,71.685
Portugal,73.96585366,74.01463415,74.31219512,74.51219512,74.91463415,75.31219512,75.26097561,75.41219512,75.71219512,75.96341463,76.31463415,76.81463415,77.06585366,77.2195122,77.67073171,78.07073171,78.4195122,78.32195122,78.52439024,78.72682927,79.02682927,80.47073171,80.37317073,80.72195122,81.12195122,81.12439024,81.12682927
Paraguay,68.014,68.191,68.37,68.548,68.727,68.911,69.108,69.322,69.556,69.808,70.07,70.335,70.593,70.838,71.067,71.281,71.485,71.686,71.887,72.089,72.285,72.47,72.638,72.786,72.913,73.023,73.12
West Bank and Gaza,68.084,68.425,68.748,69.057,69.355,69.642,69.912,70.162,70.387,70.592,70.778,70.95,71.115,71.277,71.44,71.605,71.773,71.942,72.11,72.277,72.444,72.613,72.783,72.954,73.126,73.299,73.473
Pacific island small states,63.61135332,63.86509394,64.19264344,64.52711098,64.85906247,65.24768493,65.49746062,65.80722478,66.11492535,66.44964733,66.71833496,67.01678296,67.30834822,67.59492455,67.87665024,68.16485137,68.43121752,68.70593424,68.97834924,69.24902687,69.51435259,69.7727486,70.02020209,70.25639826,70.48014766,70.69238368,70.89537639
Post-demographic dividend,75.47962664,75.57978189,75.80967029,75.82130602,76.07403915,76.09290256,76.43271767,76.76860931,76.97971731,77.12613314,77.36627478,77.6718793,77.78896935,77.91714298,78.3485924,78.43792305,78.75901833,79.01509575,79.15826703,79.48015622,79.68913909,79.95804616,80.09020687,80.27502091,80.53630094,80.40786041,80.45602286
French Polynesia,68.7,69.005,69.332,69.68,70.047,70.43,70.821,71.209,71.587,71.955,72.313,72.669,73.029,73.396,73.766,74.132,74.486,74.818,75.123,75.397,75.643,75.862,76.065,76.257,76.444,76.628,76.813
Qatar,74.984,75.138,75.283,75.42,75.551,75.678,75.802,75.924,76.045,76.164,76.279,76.387,76.488,76.581,76.668,76.754,76.843,76.94,77.049,77.169,77.301,77.443,77.59,77.739,77.888,78.036,78.184
Romania,69.74121951,69.78439024,69.78439024,69.56341463,69.5097561,69.45609756,69.10487805,69.00487805,69.80731707,70.51219512,71.16341463,71.16097561,71.0097561,71.3097561,71.59427561,71.87889512,72.16341463,72.56585366,72.56585366,73.3097561,73.45853659,74.4097561,74.41219512,75.06341463,74.96097561,75.01219512,75.01219512
Russian Federation,68.88609756,68.47439024,66.87317073,64.93585366,64.46707317,64.69073171,65.85414634,66.69878049,67.0297561,65.98219512,65.48365854,65.38341463,65.12878049,65.04780488,65.47097561,65.5297561,66.72756098,67.58682927,67.94926829,68.68463415,68.84121951,69.68390244,70.07219512,70.57878049,70.74365854,71.16829268,71.59292683
Rwanda,34.217,30.434,28.102,27.61,29.003,31.977,35.923,40.013,43.596,46.412,48.415,49.793,50.97,52.268,53.755,55.43,57.219,58.971,60.565,61.962,63.14,64.106,64.911,65.598,66.188,66.696,67.129
South Asia,58.19148666,58.6786067,59.17422767,59.66943318,60.16041222,60.64257885,61.11284851,61.57008814,62.01559232,62.4476909,62.86522183,63.2716067,63.66944702,64.06143294,64.45131702,64.84230334,65.23711423,65.63646252,66.03714858,66.43652927,66.8267569,67.20119624,67.55372165,67.88114502,68.18108159,68.45652588,68.71053305
Saudi Arabia,69.017,69.428,69.822,70.201,70.567,70.922,71.266,71.594,71.902,72.187,72.44,72.651,72.82,72.948,73.041,73.112,73.176,73.245,73.331,73.44,73.574,73.73,73.896,74.066,74.234,74.4,74.561
Sudan,55.5,55.688,55.902,56.145,56.417,56.716,57.036,57.372,57.718,58.07,58.43,58.801,59.184,59.582,59.993,60.416,60.854,61.3,61.749,62.193,62.62,63.019,63.384,63.712,64.002,64.257,64.486
Senegal,57.202,57.43,57.529,57.535,57.48,57.405,57.344,57.328,57.383,57.533,57.796,58.18,58.665,59.23,59.859,60.541,61.263,62.008,62.755,63.485,64.177,64.814,65.393,65.914,66.376,66.784,67.146
Singapore,75.29512195,75.64634146,75.94634146,76.04634146,76.19756098,76.29512195,76.59512195,76.89756098,77.3,77.55121951,77.95121951,78.25121951,78.55121951,79.03902439,79.4902439,79.9902439,80.14146341,80.44146341,80.7902439,81.24146341,81.54146341,81.74390244,81.99512195,82.24634146,82.49512195,82.74390244,82.79512195
Solomon Islands,56.638,57.162,57.796,58.471,59.153,59.822,60.475,61.127,61.788,62.449,63.103,63.744,64.368,64.971,65.549,66.104,66.635,67.147,67.641,68.118,68.572,69.001,69.4,69.771,70.113,70.43,70.726
Sierra Leone,37.348,36.746,36.246,35.888,35.705,35.729,35.98,36.432,37.055,37.822,38.702,39.66,40.66,41.669,42.66,43.624,44.566,45.5,46.432,47.348,48.224,49.034,49.762,50.401,50.951,51.423,51.835
El Salvador,63.99,64.85,65.609,66.267,66.818,67.27,67.64,67.958,68.253,68.541,68.834,69.135,69.44,69.743,70.048,70.357,70.668,70.98,71.291,71.599,71.902,72.195,72.479,72.753,73.015,73.267,73.512
San Marino,,,,,,,,,,,,,,,,,,,,,,,85.41707317,,,,
Somalia,45.375,45.258,45.359,45.72,46.335,47.148,48.065,48.963,49.751,50.389,50.867,51.211,51.49,51.761,52.042,52.344,52.666,52.996,53.323,53.652,53.986,54.332,54.694,55.072,55.467,55.876,56.293
Serbia,,71.48780488,,,,,,72.03902439,,,71.58292683,72.23414634,72.28536585,72.43658537,72.68292683,72.83414634,73.38536585,73.63170732,73.88536585,73.98536585,74.33658537,74.53658537,74.83658537,75.18536585,75.33658537,75.28780488,75.23902439
Sub-Saharan Africa (excluding high income),49.87472981,49.87042159,49.86930274,49.87845723,49.89661813,49.92433923,49.96633996,50.03409514,50.1408522,50.3020082,50.53701023,50.86361154,51.28880199,51.81089931,52.42182381,53.10945677,53.85755444,54.63957847,55.42823167,56.2025929,56.94228256,57.63530314,58.28241288,58.8831983,59.4352274,59.93780952,60.3935628
South Sudan,43.525,44.232,44.933,45.612,46.258,46.859,47.409,47.916,48.386,48.825,49.239,49.631,50.013,50.393,50.782,51.19,51.627,52.095,52.591,53.113,53.655,54.206,54.756,55.294,55.817,56.322,56.811
Sub-Saharan Africa,49.87720413,49.87320943,49.87209283,49.88100089,49.89932154,49.92723087,49.96907485,50.03673789,50.1435299,50.30476161,50.53970081,50.86625178,51.29114625,51.81309023,52.42406201,53.11151418,53.85952794,54.64152426,55.43008756,56.20431854,56.94394527,57.63676591,58.28393628,58.88454237,59.43651461,59.93914297,60.39483799
Small states,64.17532571,64.27222717,64.30082938,64.16658107,64.00019454,63.91447181,63.82576434,63.66655053,63.39902493,63.26792856,63.20172162,63.16381025,63.28458254,63.41580796,63.71258205,64.10263057,64.53557759,65.04106264,65.58405447,66.13974437,66.64690879,67.11005467,67.55230178,67.9348941,68.27831779,68.60052618,68.87448751
Sao Tome and Principe,61.808,61.972,62.133,62.294,62.454,62.611,62.76,62.902,63.041,63.181,63.338,63.526,63.754,64.021,64.322,64.641,64.956,65.248,65.5,65.709,65.875,66.008,66.125,66.241,66.361,66.488,66.624
Suriname,67.393,67.478,67.554,67.62,67.677,67.722,67.751,67.768,67.781,67.798,67.838,67.918,68.051,68.239,68.48,68.768,69.089,69.422,69.749,70.057,70.335,70.578,70.79,70.976,71.138,71.279,71.405
Slovak Republic,70.93268293,70.88292683,71.79512195,72.44878049,72.3,72.25365854,72.65365854,72.70487805,72.55121951,72.90243902,73.05121951,73.40243902,73.60487805,73.60487805,73.95853659,73.90487805,74.20487805,74.20731707,74.70487805,74.9097561,75.11219512,75.95853659,76.1097561,76.41219512,76.81219512,76.56341463,76.56341463
Slovenia,73.20487805,73.35365854,73.30487805,73.25365854,73.40487805,73.95853659,74.45853659,74.70731707,74.80731707,75.0097561,75.41219512,75.75853659,76.00731707,76.85853659,77.20731707,77.61219512,78.08658537,78.56097561,78.76585366,78.97073171,79.42195122,79.97073171,80.12439024,80.32195122,81.07804878,80.77560976,80.77560976
Sweden,77.53682927,77.66682927,77.99878049,78.0604878,78.6502439,78.7404878,78.95902439,79.19756098,79.33902439,79.44146341,79.64390244,79.79512195,79.84634146,80.09512195,80.49756098,80.54634146,80.74878049,80.9,81.1,81.35121951,81.45121951,81.80243902,81.70487805,81.95609756,82.25365854,82.20487805,82.20487805
Swaziland,60.369,60.155,59.639,58.836,57.771,56.464,54.942,53.285,51.594,49.968,48.521,47.352,46.508,46.018,45.905,46.185,46.846,47.805,48.969,50.26,51.598,52.912,54.158,55.296,56.287,57.107,57.754
Sint Maarten (Dutch part),,,,,,,,,,,,,,,,,,74.54390244,74.53658537,75.58780488,,,73.05365854,,,,
Seychelles,68.10731707,70.71219512,71.21463415,69.46829268,70.72926829,72.48292683,71.56097561,71.21219512,71.74634146,72.66829268,72.77804878,73.25365854,71.08780488,71.02926829,72.66097561,72.13170732,72.21707317,73.14390244,73.16341463,73.08292683,73.19756098,72.72439024,74.27560976,73.1195122,73.22926829,74.29512195,74.3097561
Syrian Arab Republic,70.553,70.871,71.167,71.444,71.708,71.961,72.205,72.439,72.664,72.882,73.11,73.371,73.663,73.967,74.25,74.43,74.412,74.152,73.648,72.939,72.108,71.27,70.549,70.046,69.817,69.904,70.31
Turks and Caicos Islands,,,,,,,,,,,,,,,,,,,,,,,,,,,
Chad,46.952,47.053,47.148,47.243,47.339,47.431,47.505,47.556,47.582,47.59,47.593,47.603,47.638,47.716,47.848,48.054,48.349,48.729,49.182,49.691,50.233,50.778,51.3,51.778,52.204,52.575,52.903
East Asia & Pacific (IDA & IBRD countries),68.09232932,68.27068151,68.44982133,68.63671234,68.83928997,69.06699799,69.32914281,69.6236676,69.94891983,70.29731434,70.66242622,71.03413808,71.3994369,71.74887442,72.07595887,72.37557052,72.64681099,72.89435067,73.12349974,73.335636,73.53187396,73.71538372,73.88869261,74.05343078,74.21390768,74.37106401,74.527656
Europe & Central Asia (IDA & IBRD countries),68.53275985,68.27896649,67.74263209,67.0205655,66.8118767,66.87965494,67.3582029,67.93337711,68.27254326,68.15036869,68.25118824,68.46018246,68.508452,68.63460333,68.95763595,69.08991427,69.66854964,70.13422053,70.42613389,70.98134947,71.30269741,71.85355877,72.15213255,72.52988455,72.76480341,72.99200108,73.24905322
Togo,55.888,55.873,55.734,55.485,55.146,54.756,54.359,54,53.72,53.544,53.489,53.551,53.707,53.935,54.23,54.598,55.048,55.578,56.174,56.814,57.465,58.092,58.668,59.174,59.601,59.949,60.232
Thailand,70.25,70.303,70.283,70.241,70.204,70.192,70.214,70.266,70.346,70.462,70.624,70.841,71.11,71.424,71.775,72.149,72.534,72.915,73.279,73.617,73.923,74.197,74.446,74.678,74.895,75.103,75.303
Tajikistan,63.149,62.88,62.719,62.71,62.869,63.185,63.618,64.105,64.591,65.053,65.485,65.894,66.303,66.727,67.163,67.607,68.052,68.487,68.902,69.29,69.644,69.958,70.234,70.477,70.69,70.879,71.051
Turkmenistan,62.811,62.784,62.761,62.757,62.785,62.85,62.952,63.083,63.237,63.412,63.613,63.842,64.101,64.386,64.693,65.017,65.354,65.695,66.031,66.355,66.657,66.928,67.167,67.375,67.552,67.704,67.835
Latin America & the Caribbean (IDA & IBRD countries),67.55809972,67.92634745,68.30678904,68.69563471,69.09343267,69.49473778,69.89459002,70.28798466,70.66742291,71.03110801,71.37551102,71.69928541,72.00524978,72.29513093,72.57253208,72.83980346,73.09968836,73.35471307,73.60592727,73.85486873,74.10007589,74.34115255,74.575218,74.80115875,75.01968607,75.23120107,75.43739896
Timor-Leste,48.469,49.332,50.273,51.317,52.467,53.696,54.954,56.179,57.325,58.38,59.36,60.304,61.251,62.223,63.209,64.175,65.068,65.842,66.472,66.956,67.313,67.578,67.805,68.033,68.285,68.569,68.881
Middle East & North Africa (IDA & IBRD countries),65.10697461,65.73612426,66.28834022,66.78324863,67.22907113,67.63326763,68.00212716,68.34193853,68.65926878,68.95993739,69.24962818,69.53156217,69.80601517,70.07329761,70.33604201,70.59410637,70.84669595,71.08947598,71.31988557,71.5379884,71.7468881,71.95173083,72.156869,72.36456741,72.57224343,72.77948414,72.98598886
Tonga,69.603,69.722,69.832,69.94,70.05,70.164,70.285,70.411,70.541,70.674,70.811,70.949,71.089,71.229,71.367,71.504,71.639,71.773,71.906,72.039,72.173,72.308,72.446,72.588,72.732,72.88,73.029
South Asia (IDA & IBRD),58.19148666,58.6786067,59.17422767,59.66943318,60.16041222,60.64257885,61.11284851,61.57008814,62.01559232,62.4476909,62.86522183,63.2716067,63.66944702,64.06143294,64.45131702,64.84230334,65.23711423,65.63646252,66.03714858,66.43652927,66.8267569,67.20119624,67.55372165,67.88114502,68.18108159,68.45652588,68.71053305
Sub-Saharan Africa (IDA & IBRD countries),49.87720413,49.87320943,49.87209283,49.88100089,49.89932154,49.92723087,49.96907485,50.03673789,50.1435299,50.30476161,50.53970081,50.86625178,51.29114625,51.81309023,52.42406201,53.11151418,53.85952794,54.64152426,55.43008756,56.20431854,56.94394527,57.63676591,58.28393628,58.88454237,59.43651461,59.93914297,60.39483799
Trinidad and Tobago,68.007,68.094,68.171,68.238,68.296,68.344,68.384,68.419,68.452,68.489,68.532,68.584,68.648,68.724,68.816,68.927,69.06,69.214,69.384,69.567,69.756,69.942,70.118,70.28,70.426,70.556,70.673
Tunisia,68.788,69.401,69.99,70.54,71.043,71.496,71.898,72.259,72.586,72.883,73.155,73.402,73.629,73.836,74.026,74.2,74.352,74.483,74.595,74.695,74.793,74.9,75.023,75.167,75.335,75.525,75.731
Turkey,64.256,64.757,65.275,65.815,66.377,66.963,67.57,68.189,68.807,69.417,70.008,70.571,71.102,71.6,72.06,72.481,72.866,73.219,73.549,73.859,74.154,74.437,74.711,74.977,75.239,75.498,75.755
Tuvalu,,,,,,,,,,,,,,,,,,,,,,,,,,,
Tanzania,50.206,49.953,49.719,49.54,49.444,49.46,49.609,49.889,50.297,50.831,51.493,52.281,53.173,54.142,55.161,56.196,57.218,58.209,59.156,60.048,60.893,61.713,62.528,63.348,64.163,64.95,65.675
Uganda,45.509,45.058,44.676,44.388,44.223,44.22,44.415,44.811,45.397,46.16,47.077,48.12,49.242,50.394,51.538,52.64,53.681,54.66,55.574,56.409,57.153,57.796,58.347,58.819,59.224,59.575,59.889
Ukraine,70.13658537,68.87804878,69.06829268,68.47560976,67.83853659,67.13707317,66.88780488,67.29536585,67.98878049,68.21341463,67.8595122,68.28707317,68.27560976,68.21073171,68.18536585,67.95682927,68.07756098,68.22219512,68.25146341,69.19,70.26536585,70.80926829,70.94414634,71.1595122,71.18658537,71.1895122,71.47634146
Upper middle income,68.50733331,68.69063071,68.76490535,68.81951266,68.99595573,69.23944716,69.56965419,69.91609775,70.24624939,70.51089197,70.82732965,71.16064231,71.47498705,71.79465415,72.13033514,72.42052885,72.76811982,73.08340817,73.35617124,73.65380653,73.89361379,74.17901985,74.42351023,74.66795331,74.87680311,75.08883849,75.29062097
Uruguay,72.571,72.758,72.954,73.161,73.381,73.613,73.854,74.098,74.341,74.577,74.805,75.022,75.229,75.427,75.614,75.792,75.961,76.124,76.282,76.436,76.588,76.739,76.89,77.04,77.19,77.341,77.493
United States,75.21463415,75.36585366,75.61707317,75.4195122,75.6195122,75.62195122,76.02682927,76.42926829,76.5804878,76.58292683,76.63658537,76.83658537,76.93658537,77.03658537,77.48780488,77.48780488,77.68780488,77.98780488,78.03902439,78.3902439,78.54146341,78.64146341,78.74146341,78.74146341,78.84146341,78.6902439,78.6902439
Uzbekistan,66.481,66.424,66.368,66.336,66.343,66.396,66.494,66.626,66.782,66.959,67.154,67.366,67.594,67.837,68.094,68.367,68.663,68.982,69.319,69.665,70.005,70.322,70.604,70.844,71.039,71.192,71.314
St. Vincent and the Grenadines,70.14,70.298,70.425,70.52,70.585,70.62,70.628,70.618,70.6,70.587,70.593,70.635,70.719,70.846,71.014,71.218,71.446,71.683,71.914,72.13,72.327,72.501,72.657,72.802,72.935,73.06,73.179
"Venezuela, RB",69.804,69.971,70.165,70.384,70.628,70.893,71.176,71.465,71.752,72.027,72.281,72.507,72.704,72.872,73.015,73.134,73.235,73.327,73.419,73.516,73.625,73.748,73.885,74.035,74.196,74.367,74.545
British Virgin Islands,,,,,,,,,,,,,,,,,,,,,,,,,,,
Virgin Islands (U.S.),74.23585366,74.49195122,74.74704878,75.00265854,75.25729268,75.50992683,75.75902439,76.00253659,76.23697561,76.46185366,76.6195122,77.67317073,77.62195122,77.57317073,77.87317073,77.42195122,78.47560976,76.86097561,77.26341463,77.61463415,77.96585366,78.41707317,78.66829268,78.86829268,78.96829268,79.16829268,79.26829268
Vietnam,70.536,70.826,71.113,71.399,71.685,71.968,72.248,72.519,72.781,73.03,73.265,73.487,73.695,73.893,74.082,74.263,74.438,74.609,74.777,74.946,75.117,75.294,75.476,75.663,75.855,76.052,76.253
Vanuatu,63.072,63.527,63.986,64.444,64.897,65.345,65.784,66.214,66.634,67.043,67.438,67.82,68.189,68.545,68.889,69.221,69.541,69.852,70.152,70.442,70.721,70.988,71.241,71.481,71.709,71.925,72.133
World,65.4351536,65.62381916,65.78861943,65.91518222,66.12522802,66.32317923,66.61279199,66.91152404,67.17247803,67.40572206,67.6849978,67.98361541,68.24991656,68.52430168,68.86333779,69.1362133,69.47497542,69.79430518,70.08345959,70.40560464,70.68292582,70.97181587,71.21534399,71.46013487,71.69413403,71.85712676,72.03533693
Samoa,64.851,65.384,65.91,66.424,66.919,67.389,67.827,68.234,68.612,68.967,69.305,69.637,69.97,70.314,70.673,71.051,71.451,71.866,72.288,72.71,73.122,73.513,73.875,74.206,74.504,74.77,75.013
Kosovo,67.74878049,67.94878049,68.1,68.24878049,68.4,68.55121951,68.7,68.85121951,68.95121951,66.95121951,67.95121951,67.99756098,67.94390244,68.19512195,68.44634146,68.69512195,68.94634146,69.19756098,69.39756098,69.64878049,69.9,70.14878049,70.49756098,70.79756098,71.09756098,71.34634146,71.64634146
"Yemen, Rep.",57.877,58.22,58.519,58.787,59.036,59.275,59.504,59.724,59.939,60.155,60.382,60.631,60.903,61.2,61.52,61.857,62.205,62.552,62.888,63.208,63.508,63.786,64.046,64.291,64.523,64.743,64.953
South Africa,62.062,62.239,62.251,62.092,61.756,61.226,60.49,59.58,58.548,57.45,56.341,55.273,54.299,53.481,52.878,52.567,52.614,53.01,53.72,54.701,55.888,57.201,58.545,59.83,60.993,61.981,62.774
Zambia,45.003,44.431,43.948,43.564,43.297,43.166,43.183,43.346,43.653,44.104,44.702,45.448,46.33,47.33,48.432,49.63,50.929,52.313,53.749,55.194,56.588,57.872,59.011,59.982,60.775,61.397,61.874
Zimbabwe,57.944,56.72,55.337,53.854,52.329,50.811,49.34,47.955,46.705,45.647,44.841,44.326,44.109,44.188,44.571,45.282,46.344,47.719,49.337,51.122,52.975,54.8,56.516,58.053,59.36,60.398,61.163
